G3,1790,AEP,2442,GRU,2564,,0,738
G3,1790,AJU,2522,GIG,2560,,0,738 73G
G3,1790,AJU,2522,GRU,2564,,0,73G 738
G3,1790,AJU,2522,SSA,2621,,0,738
G3,1790,ASU,2699,GRU,2564,,0,738 73G
G3,1790,AUA,2895,CCS,2851,,0,738
G3,1790,BEL,2526,BSB,2531,,0,738 73G
G3,1790,BEL,2526,FOR,2559,,0,738 73G
G3,1790,BEL,2526,GIG,2560,,0,738
G3,1790,BEL,2526,GRU,2564,,0,738
G3,1790,BEL,2526,MAB,2584,,0,73G 738
G3,1790,BEL,2526,MAO,2551,,0,73G
G3,1790,BEL,2526,MCP,2591,,0,738 73G
G3,1790,BEL,2526,SLZ,2616,,0,738
G3,1790,BEL,2526,STM,4092,,0,73G 738
G3,1790,BGI,2875,GRU,2564,,0,738
G3,1790,BPS,4209,CNF,2537,,0,738
G3,1790,BPS,4209,GRU,2564,,0,738
G3,1790,BPS,4209,SSA,2621,,0,738
G3,1790,BSB,2531,BEL,2526,,0,738
G3,1790,BSB,2531,CGB,2548,,0,738
G3,1790,BSB,2531,CGH,2618,,0,738 73G
G3,1790,BSB,2531,CGR,2538,,0,738
G3,1790,BSB,2531,CNF,2537,,0,738 73G
G3,1790,BSB,2531,CWB,2545,,0,73G 738
G3,1790,BSB,2531,FOR,2559,,0,73G 738
G3,1790,BSB,2531,GIG,2560,,0,738 73G
G3,1790,BSB,2531,GRU,2564,,0,738 73G
G3,1790,BSB,2531,GYN,2562,,0,738 73G
G3,1790,BSB,2531,IMP,2572,,0,73G
G3,1790,BSB,2531,JPA,2575,,0,738
G3,1790,BSB,2531,MAB,2584,,0,738 73G
G3,1790,BSB,2531,MAO,2551,,0,738 73G
G3,1790,BSB,2531,MCZ,2590,,0,738
G3,1790,BSB,2531,NAT,2597,,0,73G 738
G3,1790,BSB,2531,PMW,4214,,0,738 73G
G3,1790,BSB,2531,POA,2599,,0,738
G3,1790,BSB,2531,PVH,2607,,0,738
G3,1790,BSB,2531,RBR,2609,,0,73G
G3,1790,BSB,2531,REC,2610,,0,738
G3,1790,BSB,2531,SDU,2612,,0,738 73G
G3,1790,BSB,2531,SLZ,2616,,0,738
G3,1790,BSB,2531,SSA,2621,,0,738
G3,1790,BSB,2531,THE,2623,,0,73G 738
G3,1790,BSB,2531,VCP,2578,,0,738
G3,1790,BVB,2533,MAO,2551,,0,738 73G
G3,1790,CCS,2851,AUA,2895,,0,738
G3,1790,CCS,2851,GRU,2564,,0,738
G3,1790,CCS,2851,PUJ,1760,,0,738
G3,1790,CGB,2548,BSB,2531,,0,738
G3,1790,CGB,2548,CGH,2618,,0,738
G3,1790,CGB,2548,CGR,2538,,0,738
G3,1790,CGB,2548,GIG,2560,,0,738
G3,1790,CGB,2548,GRU,2564,,0,738 73G
G3,1790,CGB,2548,PVH,2607,,0,73G
G3,1790,CGH,2618,BSB,2531,,0,738 73G
G3,1790,CGH,2618,CGB,2548,,0,738
G3,1790,CGH,2618,CGR,2538,,0,738 73G
G3,1790,CGH,2618,CLV,4215,,0,73G
G3,1790,CGH,2618,CNF,2537,,0,738 73G
G3,1790,CGH,2618,CWB,2545,,0,738 73G
G3,1790,CGH,2618,CXJ,2547,,0,73G 738
G3,1790,CGH,2618,FLN,2555,,0,73G 738
G3,1790,CGH,2618,GIG,2560,,0,738 73G
G3,1790,CGH,2618,GYN,2562,,0,738 73G
G3,1790,CGH,2618,JOI,2576,,0,73G
G3,1790,CGH,2618,JTC,8238,,0,73G
G3,1790,CGH,2618,LDB,2581,,0,73G
G3,1790,CGH,2618,MGF,2586,,0,738 73G
G3,1790,CGH,2618,NVT,2595,,0,73G
G3,1790,CGH,2618,POA,2599,,0,738 73G
G3,1790,CGH,2618,PPB,2550,,0,73G
G3,1790,CGH,2618,SDU,2612,,0,738
G3,1790,CGH,2618,SSA,2621,,0,738 73G
G3,1790,CGH,2618,UDI,2633,,0,73G 738
G3,1790,CGH,2618,VIX,2638,,0,73G 738
G3,1790,CGR,2538,BSB,2531,,0,738
G3,1790,CGR,2538,CGB,2548,,0,73G
G3,1790,CGR,2538,CGH,2618,,0,738 73G
G3,1790,CGR,2538,GIG,2560,,0,738
G3,1790,CGR,2538,GRU,2564,,0,738
G3,1790,CGR,2538,MGF,2586,,0,738
G3,1790,CLV,4215,CGH,2618,,0,73G
G3,1790,CNF,2537,BPS,4209,,0,738
G3,1790,CNF,2537,BSB,2531,,0,738 73G
G3,1790,CNF,2537,CGH,2618,,0,738 73G
G3,1790,CNF,2537,GIG,2560,,0,738 73G
G3,1790,CNF,2537,GRU,2564,,0,738 73G
G3,1790,CNF,2537,GYN,2562,,0,73G
G3,1790,CNF,2537,IOS,2569,,0,73G
G3,1790,CNF,2537,MOC,2587,,0,73G
G3,1790,CNF,2537,REC,2610,,0,738
G3,1790,CNF,2537,SDU,2612,,0,738 73G
G3,1790,CNF,2537,SSA,2621,,0,738
G3,1790,CNF,2537,UDI,2633,,0,738 73G
G3,1790,CNF,2537,VCP,2578,,0,738
G3,1790,CNF,2537,VIX,2638,,0,73G 738
G3,1790,COR,2443,GRU,2564,,0,738
G3,1790,CPV,2577,SSA,2621,,0,738 73G
G3,1790,CWB,2545,BSB,2531,,0,738 73G
G3,1790,CWB,2545,CGH,2618,,0,738 73G
G3,1790,CWB,2545,EZE,3988,,0,73G
G3,1790,CWB,2545,GIG,2560,,0,73G 738
G3,1790,CWB,2545,GRU,2564,,0,738
G3,1790,CWB,2545,IGU,2554,,0,738
G3,1790,CWB,2545,LDB,2581,,0,738 73G
G3,1790,CWB,2545,MGF,2586,,0,73G 738
G3,1790,CWB,2545,POA,2599,,0,73G 738
G3,1790,CWB,2545,VCP,2578,,0,73G
G3,1790,CXJ,2547,CGH,2618,,0,73G 738
G3,1790,CZS,2549,RBR,2609,,0,73G
G3,1790,DTW,3645,GRU,2564,,0,76W
G3,1790,EZE,3988,CWB,2545,,0,73G
G3,1790,EZE,3988,FLN,2555,,0,738
G3,1790,EZE,3988,FOR,2559,,0,738
G3,1790,EZE,3988,GIG,2560,,0,73G
G3,1790,EZE,3988,GRU,2564,,0,738
G3,1790,EZE,3988,POA,2599,,0,738
G3,1790,FEN,2556,REC,2610,,0,73G
G3,1790,FLN,2555,CGH,2618,,0,73G 738
G3,1790,FLN,2555,EZE,3988,,0,738
G3,1790,FLN,2555,GIG,2560,,0,738
G3,1790,FLN,2555,GRU,2564,,0,73G 738
G3,1790,FLN,2555,POA,2599,,0,73G 738
G3,1790,FLN,2555,XAP,2539,,0,73G
G3,1790,FOR,2559,BEL,2526,,0,73G 738
G3,1790,FOR,2559,BSB,2531,,0,738
G3,1790,FOR,2559,EZE,3988,,0,738
G3,1790,FOR,2559,GIG,2560,,0,73G 738
G3,1790,FOR,2559,GRU,2564,,0,738 73G
G3,1790,FOR,2559,NAT,2597,,0,738 73G
G3,1790,FOR,2559,REC,2610,,0,738 73G
G3,1790,FOR,2559,SLZ,2616,,0,738
G3,1790,FOR,2559,SSA,2621,,0,738
G3,1790,FOR,2559,THE,2623,,0,738
G3,1790,GIG,2560,AJU,2522,,0,738 73G
G3,1790,GIG,2560,BEL,2526,,0,738
G3,1790,GIG,2560,BSB,2531,,0,738 73G
G3,1790,GIG,2560,CGB,2548,,0,738
G3,1790,GIG,2560,CGH,2618,,0,738 73G
G3,1790,GIG,2560,CGR,2538,,0,738
G3,1790,GIG,2560,CNF,2537,,0,738 73G
G3,1790,GIG,2560,CWB,2545,,0,738 73G
G3,1790,GIG,2560,EZE,3988,,0,73G
G3,1790,GIG,2560,FLN,2555,,0,73G
G3,1790,GIG,2560,FOR,2559,,0,738 73G
G3,1790,GIG,2560,GRU,2564,,0,738 73G
G3,1790,GIG,2560,GYN,2562,,0,73G
G3,1790,GIG,2560,IGU,2554,,0,73G
G3,1790,GIG,2560,JPA,2575,,0,738
G3,1790,GIG,2560,MAO,2551,,0,738
G3,1790,GIG,2560,MCZ,2590,,0,738
G3,1790,GIG,2560,NAT,2597,,0,738 73G
G3,1790,GIG,2560,NVT,2595,,0,73G
G3,1790,GIG,2560,POA,2599,,0,738
G3,1790,GIG,2560,REC,2610,,0,738
G3,1790,GIG,2560,SDQ,1762,,0,738
G3,1790,GIG,2560,SLZ,2616,,0,738
G3,1790,GIG,2560,SSA,2621,,0,738 73G
G3,1790,GIG,2560,VCP,2578,,0,73G
G3,1790,GIG,2560,VIX,2638,,0,738 73G
G3,1790,GRU,2564,AEP,2442,,0,738
G3,1790,GRU,2564,AJU,2522,,0,738 73G
G3,1790,GRU,2564,ASU,2699,,0,738 73G
G3,1790,GRU,2564,BEL,2526,,0,73G 738
G3,1790,GRU,2564,BGI,2875,,0,738
G3,1790,GRU,2564,BPS,4209,,0,738
G3,1790,GRU,2564,BSB,2531,,0,738 73G
G3,1790,GRU,2564,CCS,2851,,0,738
G3,1790,GRU,2564,CGB,2548,,0,738 73G
G3,1790,GRU,2564,CGR,2538,,0,738
G3,1790,GRU,2564,CNF,2537,,0,738 73G
G3,1790,GRU,2564,COR,2443,,0,738
G3,1790,GRU,2564,CWB,2545,,0,738
G3,1790,GRU,2564,DTW,3645,,0,76W
G3,1790,GRU,2564,EZE,3988,,0,738
G3,1790,GRU,2564,FLN,2555,,0,738 73G
G3,1790,GRU,2564,FOR,2559,,0,73G 738
G3,1790,GRU,2564,GIG,2560,,0,738 73G
G3,1790,GRU,2564,GYN,2562,,0,738 73G
G3,1790,GRU,2564,IGU,2554,,0,738 73G
G3,1790,GRU,2564,JFK,3797,,0,764
G3,1790,GRU,2564,JPA,2575,,0,738
G3,1790,GRU,2564,LDB,2581,,0,738 73G
G3,1790,GRU,2564,MAO,2551,,0,738
G3,1790,GRU,2564,MCZ,2590,,0,738
G3,1790,GRU,2564,MGF,2586,,0,73G
G3,1790,GRU,2564,MVD,2816,,0,738
G3,1790,GRU,2564,NAT,2597,,0,738
G3,1790,GRU,2564,NVT,2595,,0,73G
G3,1790,GRU,2564,POA,2599,,0,738 73G
G3,1790,GRU,2564,REC,2610,,0,738
G3,1790,GRU,2564,ROS,2440,,0,738 73G
G3,1790,GRU,2564,SDQ,1762,,0,738
G3,1790,GRU,2564,SDU,2612,,0,738 73G
G3,1790,GRU,2564,SLZ,2616,,0,738
G3,1790,GRU,2564,SSA,2621,,0,738
G3,1790,GRU,2564,THE,2623,,0,738
G3,1790,GRU,2564,UDI,2633,,0,73G
G3,1790,GRU,2564,VIX,2638,,0,738 73G
G3,1790,GRU,2564,VVI,2771,,0,738
G3,1790,GYN,2562,BSB,2531,,0,73G 738
G3,1790,GYN,2562,CGH,2618,,0,738 73G
G3,1790,GYN,2562,CNF,2537,,0,738
G3,1790,GYN,2562,GIG,2560,,0,73G
G3,1790,GYN,2562,GRU,2564,,0,738 73G
G3,1790,IGU,2554,CWB,2545,,0,738
G3,1790,IGU,2554,GIG,2560,,0,73G 738
G3,1790,IGU,2554,GRU,2564,,0,738 73G
G3,1790,IMP,2572,BSB,2531,,0,73G
G3,1790,IMP,2572,SLZ,2616,,0,73G
G3,1790,IOS,2569,CNF,2537,,0,73G
G3,1790,IOS,2569,SSA,2621,,0,73G
G3,1790,JDO,6034,REC,2610,,0,73G
G3,1790,JFK,3797,GRU,2564,,0,764
G3,1790,JOI,2576,CGH,2618,,0,73G
G3,1790,JPA,2575,BSB,2531,,0,738
G3,1790,JPA,2575,GIG,2560,,0,738
G3,1790,JPA,2575,GRU,2564,,0,738
G3,1790,JTC,8238,CGH,2618,,0,73G
G3,1790,LDB,2581,CGH,2618,,0,738 73G
G3,1790,LDB,2581,CWB,2545,,0,73G 738
G3,1790,LDB,2581,GRU,2564,,0,738 73G
G3,1790,MAB,2584,BEL,2526,,0,73G 738
G3,1790,MAB,2584,BSB,2531,,0,73G 738
G3,1790,MAO,2551,BEL,2526,,0,73G
G3,1790,MAO,2551,BSB,2531,,0,738 73G
G3,1790,MAO,2551,BVB,2533,,0,738 73G
G3,1790,MAO,2551,GIG,2560,,0,738
G3,1790,MAO,2551,GRU,2564,,0,738
G3,1790,MAO,2551,PVH,2607,,0,73G 738
G3,1790,MAO,2551,STM,4092,,0,738
G3,1790,MCO,3878,SDQ,1762,,0,738
G3,1790,MCP,2591,BEL,2526,,0,738 73G
G3,1790,MCZ,2590,BSB,2531,,0,738
G3,1790,MCZ,2590,GIG,2560,,0,738
G3,1790,MCZ,2590,GRU,2564,,0,738
G3,1790,MCZ,2590,SSA,2621,,0,738
G3,1790,MGF,2586,CGH,2618,,0,738 73G
G3,1790,MGF,2586,CGR,2538,,0,73G
G3,1790,MGF,2586,CWB,2545,,0,73G 738
G3,1790,MGF,2586,GRU,2564,,0,738
G3,1790,MIA,3576,SDQ,1762,,0,738
G3,1790,MOC,2587,CNF,2537,,0,73G
G3,1790,MVD,2816,GRU,2564,,0,738
G3,1790,MVD,2816,POA,2599,,0,738
G3,1790,NAT,2597,BSB,2531,,0,738 73G
G3,1790,NAT,2597,FOR,2559,,0,738
G3,1790,NAT,2597,GIG,2560,,0,738 73G
G3,1790,NAT,2597,GRU,2564,,0,738 73G
G3,1790,NAT,2597,SSA,2621,,0,738
G3,1790,NVT,2595,CGH,2618,,0,73G
G3,1790,NVT,2595,GIG,2560,,0,73G
G3,1790,NVT,2595,GRU,2564,,0,73G
G3,1790,PMW,4214,BSB,2531,,0,73G 738
G3,1790,PNZ,2604,REC,2610,,0,738
G3,1790,POA,2599,BSB,2531,,0,738
G3,1790,POA,2599,CGH,2618,,0,738 73G
G3,1790,POA,2599,CWB,2545,,0,73G 738
G3,1790,POA,2599,EZE,3988,,0,738
G3,1790,POA,2599,FLN,2555,,0,73G 738
G3,1790,POA,2599,GIG,2560,,0,738
G3,1790,POA,2599,GRU,2564,,0,738 73G
G3,1790,POA,2599,MVD,2816,,0,738
G3,1790,PPB,2550,CGH,2618,,0,73G
G3,1790,PUJ,1760,CCS,2851,,0,738
G3,1790,PVH,2607,BSB,2531,,0,738
G3,1790,PVH,2607,CGB,2548,,0,738
G3,1790,PVH,2607,MAO,2551,,0,73G
G3,1790,PVH,2607,RBR,2609,,0,73G
G3,1790,RBR,2609,BSB,2531,,0,73G
G3,1790,RBR,2609,CZS,2549,,0,73G
G3,1790,RBR,2609,PVH,2607,,0,73G
G3,1790,REC,2610,BSB,2531,,0,738
G3,1790,REC,2610,CNF,2537,,0,738
G3,1790,REC,2610,FEN,2556,,0,73G
G3,1790,REC,2610,FOR,2559,,0,738 73G
G3,1790,REC,2610,GIG,2560,,0,738
G3,1790,REC,2610,GRU,2564,,0,73G 738
G3,1790,REC,2610,JDO,6034,,0,73G
G3,1790,REC,2610,PNZ,2604,,0,738
G3,1790,REC,2610,SSA,2621,,0,738 73G
G3,1790,ROS,2440,GRU,2564,,0,738 73G
G3,1790,SDQ,1762,GIG,2560,,0,738
G3,1790,SDQ,1762,GRU,2564,,0,738
G3,1790,SDQ,1762,MCO,3878,,0,738
G3,1790,SDQ,1762,MIA,3576,,0,738
G3,1790,SDU,2612,BSB,2531,,0,738 73G
G3,1790,SDU,2612,CGH,2618,,0,738
G3,1790,SDU,2612,CNF,2537,,0,73G 738
G3,1790,SDU,2612,GRU,2564,,0,738 73G
G3,1790,SDU,2612,VIX,2638,,0,73G 738
G3,1790,SLZ,2616,BEL,2526,,0,738
G3,1790,SLZ,2616,BSB,2531,,0,738
G3,1790,SLZ,2616,FOR,2559,,0,738
G3,1790,SLZ,2616,GIG,2560,,0,738
G3,1790,SLZ,2616,GRU,2564,,0,738
G3,1790,SLZ,2616,IMP,2572,,0,73G
G3,1790,SSA,2621,AJU,2522,,0,738
G3,1790,SSA,2621,BPS,4209,,0,738
G3,1790,SSA,2621,BSB,2531,,0,738
G3,1790,SSA,2621,CGH,2618,,0,738 73G
G3,1790,SSA,2621,CNF,2537,,0,738
G3,1790,SSA,2621,CPV,2577,,0,738 73G
G3,1790,SSA,2621,FOR,2559,,0,738
G3,1790,SSA,2621,GIG,2560,,0,73G 738
G3,1790,SSA,2621,GRU,2564,,0,738
G3,1790,SSA,2621,IOS,2569,,0,73G
G3,1790,SSA,2621,MCZ,2590,,0,738
G3,1790,SSA,2621,NAT,2597,,0,738
G3,1790,SSA,2621,REC,2610,,0,73G 738
G3,1790,SSA,2621,VIX,2638,,0,73G
G3,1790,STM,4092,BEL,2526,,0,73G 738
G3,1790,STM,4092,MAO,2551,,0,738
G3,1790,THE,2623,BSB,2531,,0,73G 738
G3,1790,THE,2623,FOR,2559,,0,738
G3,1790,THE,2623,GRU,2564,,0,738
G3,1790,UDI,2633,CGH,2618,,0,73G 738
G3,1790,UDI,2633,CNF,2537,,0,738 73G
G3,1790,UDI,2633,GRU,2564,,0,73G
G3,1790,VCP,2578,BSB,2531,,0,738 73G
G3,1790,VCP,2578,CNF,2537,,0,738
G3,1790,VCP,2578,CWB,2545,,0,73G
G3,1790,VCP,2578,GIG,2560,,0,738 73G
G3,1790,VIX,2638,CGH,2618,,0,738
G3,1790,VIX,2638,CNF,2537,,0,738
G3,1790,VIX,2638,GIG,2560,,0,738 73G
G3,1790,VIX,2638,GRU,2564,,0,738 73G
G3,1790,VIX,2638,SDU,2612,,0,738 73G
G3,1790,VIX,2638,SSA,2621,,0,73G
G3,1790,VVI,2771,GRU,2564,,0,738
G3,1790,XAP,2539,FLN,2555,,0,73G
AD,13983,AAX,7395,POJ,8237,,0,AT4
AD,13983,AFL,2524,CGB,2548,,0,E90
AD,13983,AJU,2522,MCZ,2590,,0,E95 AT7
AD,13983,AJU,2522,REC,2610,,0,AT7
AD,13983,AJU,2522,SSA,2621,,0,AT7
AD,13983,AJU,2522,VCP,2578,,0,E95 E90
AD,13983,AQA,2521,VCP,2578,,0,AT7
AD,13983,ARU,2525,GRU,2564,,0,AT7
AD,13983,ARU,2525,VCP,2578,,0,AT7
AD,13983,ATM,2566,BEL,2526,,0,AT7 E95
AD,13983,ATM,2566,STM,4092,,0,AT7
AD,13983,AUX,7376,BSB,2531,,0,AT7
AD,13983,AUX,7376,MAB,2584,,0,AT7
AD,13983,AUX,7376,PMW,4214,,0,AT7
AD,13983,BAZ,7399,MAO,2551,,0,AT4
AD,13983,BEL,2526,ATM,2566,,0,AT7 E95
AD,13983,BEL,2526,CKS,7532,,0,AT7
AD,13983,BEL,2526,CNF,2537,,0,E95
AD,13983,BEL,2526,FOR,2559,,0,E95
AD,13983,BEL,2526,IMP,2572,,0,E95
AD,13983,BEL,2526,MAB,2584,,0,AT7
AD,13983,BEL,2526,MAO,2551,,0,E95
AD,13983,BEL,2526,MCP,2591,,0,AT7
AD,13983,BEL,2526,STM,4092,,0,AT7
AD,13983,BPS,4209,CNF,2537,,0,E95
AD,13983,BPS,4209,SDU,2612,,0,E90
AD,13983,BPS,4209,SSA,2621,,0,AT7
AD,13983,BPS,4209,VCP,2578,,0,E95
AD,13983,BRA,7373,BSB,2531,,0,AT7
AD,13983,BRA,7373,SSA,2621,,0,AT7
AD,13983,BSB,2531,AUX,7376,,0,AT7
AD,13983,BSB,2531,BRA,7373,,0,AT7
AD,13983,BSB,2531,CGB,2548,,0,E95
AD,13983,BSB,2531,CNF,2537,,0,E95
AD,13983,BSB,2531,GRU,2564,,0,E95 E90
AD,13983,BSB,2531,MAB,2584,,0,E95
AD,13983,BSB,2531,PMW,4214,,0,AT7
AD,13983,BSB,2531,UDI,2633,,0,AT7
AD,13983,BSB,2531,VCP,2578,,0,E95 E90
AD,13983,BVB,2533,MAO,2551,,0,AT7
AD,13983,BVH,2637,CGB,2548,,0,AT7
AD,13983,BYO,8242,VCP,2578,,0,AT7
AD,13983,CAC,2535,CWB,2545,,0,AT7
AD,13983,CAC,2535,VCP,2578,,0,AT7
AD,13983,CAW,2543,SDU,2612,,0,AT7
AD,13983,CCM,2541,VCP,2578,,0,AT7
AD,13983,CFB,7364,PLU,2528,,0,AT7
AD,13983,CFB,7364,VCP,2578,,0,AT7
AD,13983,CGB,2548,AFL,2524,,0,E90
AD,13983,CGB,2548,BSB,2531,,0,E95
AD,13983,CGB,2548,BVH,2637,,0,AT7
AD,13983,CGB,2548,CGR,2538,,0,AT7 E75
AD,13983,CGB,2548,CNF,2537,,0,E95 E90
AD,13983,CGB,2548,GRU,2564,,0,E90 E95
AD,13983,CGB,2548,GYN,2562,,0,E90 E95
AD,13983,CGB,2548,JPR,6073,,0,AT7
AD,13983,CGB,2548,LDB,2581,,0,E90
AD,13983,CGB,2548,MGF,2586,,0,E90
AD,13983,CGB,2548,OAL,9771,,0,E90 AT7
AD,13983,CGB,2548,OPS,7367,,0,E95
AD,13983,CGB,2548,PVH,2607,,0,E95 E90
AD,13983,CGB,2548,ROO,7382,,0,AT7
AD,13983,CGB,2548,SJP,2619,,0,AT7
AD,13983,CGB,2548,VCP,2578,,0,E90 E95
AD,13983,CGH,2618,SDU,2612,,0,E90
AD,13983,CGR,2538,CGB,2548,,0,AT7 E75
AD,13983,CGR,2538,CMG,2544,,0,AT7
AD,13983,CGR,2538,GRU,2564,,0,E95
AD,13983,CGR,2538,VCP,2578,,0,E95 E90 E75
AD,13983,CIZ,7398,MAO,2551,,0,AT4
AD,13983,CKS,7532,BEL,2526,,0,AT7
AD,13983,CKS,7532,CNF,2537,,0,E95
AD,13983,CKS,7532,MAB,2584,,0,E95
AD,13983,CLV,4215,VCP,2578,,0,E90 E95
AD,13983,CMG,2544,CGR,2538,,0,AT7
AD,13983,CNF,2537,BEL,2526,,0,E95
AD,13983,CNF,2537,BPS,4209,,0,E95
AD,13983,CNF,2537,BSB,2531,,0,E95
AD,13983,CNF,2537,CGB,2548,,0,E95 E90
AD,13983,CNF,2537,CKS,7532,,0,E95
AD,13983,CNF,2537,CPV,2577,,0,E90
AD,13983,CNF,2537,CWB,2545,,0,E95 E90
AD,13983,CNF,2537,FOR,2559,,0,E95
AD,13983,CNF,2537,GRU,2564,,0,E90 E95
AD,13983,CNF,2537,GYN,2562,,0,E90
AD,13983,CNF,2537,IMP,2572,,0,E95
AD,13983,CNF,2537,IPN,2570,,0,AT7
AD,13983,CNF,2537,IZA,8180,,0,AT7
AD,13983,CNF,2537,MAO,2551,,0,E95
AD,13983,CNF,2537,MOC,2587,,0,E90 E95
AD,13983,CNF,2537,POA,2599,,0,E95
AD,13983,CNF,2537,RAO,2613,,0,AT7
AD,13983,CNF,2537,REC,2610,,0,E90 E95
AD,13983,CNF,2537,SDU,2612,,0,E90 E95
AD,13983,CNF,2537,SLZ,2616,,0,E95
AD,13983,CNF,2537,SSA,2621,,0,E95
AD,13983,CNF,2537,UBA,2635,,0,AT7
AD,13983,CNF,2537,UDI,2633,,0,E95
AD,13983,CNF,2537,VCP,2578,,0,E95 E90
AD,13983,CNF,2537,VDC,6039,,0,AT7
AD,13983,CNF,2537,VIX,2638,,0,E95 E90
AD,13983,CPV,2577,PNZ,2604,,0,E90
AD,13983,CWB,2545,CAC,2535,,0,AT7
AD,13983,CWB,2545,CNF,2537,,0,E95
AD,13983,CWB,2545,CXJ,2547,,0,AT7
AD,13983,CWB,2545,GRU,2564,,0,E95 E90
AD,13983,CWB,2545,IGU,2554,,0,E95
AD,13983,CWB,2545,LDB,2581,,0,E90 AT7
AD,13983,CWB,2545,MGF,2586,,0,E90
AD,13983,CWB,2545,POA,2599,,0,E95
AD,13983,CWB,2545,SDU,2612,,0,E90
AD,13983,CWB,2545,VCP,2578,,0,E95 E90
AD,13983,CXJ,2547,CWB,2545,,0,AT7
AD,13983,CXJ,2547,VCP,2578,,0,E95
AD,13983,DOU,7380,VCP,2578,,0,AT7
AD,13983,ERN,8247,TFF,2624,,0,AT4
AD,13983,FEN,2556,NAT,2597,,0,AT7
AD,13983,FEN,2556,REC,2610,,0,E95
AD,13983,FLN,2555,VCP,2578,,0,E95 E90
AD,13983,FOR,2559,BEL,2526,,0,E95
AD,13983,FOR,2559,CNF,2537,,0,E95
AD,13983,FOR,2559,JPA,2575,,0,AT7
AD,13983,FOR,2559,NAT,2597,,0,E95
AD,13983,FOR,2559,PHB,\N,,0,AT7
AD,13983,FOR,2559,REC,2610,,0,E95
AD,13983,FOR,2559,SLZ,2616,,0,E95
AD,13983,FOR,2559,THE,2623,,0,E95
AD,13983,FOR,2559,VCP,2578,,0,E95 E90
AD,13983,GIG,2560,VCP,2578,,0,E95 E90
AD,13983,GRU,2564,ARU,2525,,0,AT7
AD,13983,GRU,2564,BSB,2531,,0,E95
AD,13983,GRU,2564,CGB,2548,,0,E95 E90
AD,13983,GRU,2564,CGR,2538,,0,E95
AD,13983,GRU,2564,CNF,2537,,0,E90 E95
AD,13983,GRU,2564,CWB,2545,,0,E95 E90
AD,13983,GRU,2564,GYN,2562,,0,E95
AD,13983,GRU,2564,IOS,2569,,0,E95
AD,13983,GRU,2564,IPN,2570,,0,AT7
AD,13983,GRU,2564,NVT,2595,,0,E95
AD,13983,GRU,2564,PLU,2528,,0,AT7
AD,13983,GRU,2564,POA,2599,,0,E95 E90
AD,13983,GRU,2564,REC,2610,,0,E95
AD,13983,GRU,2564,SDU,2612,,0,E90 E95
AD,13983,GRU,2564,SSA,2621,,0,E95
AD,13983,GVR,6735,PLU,2528,,0,AT7
AD,13983,GYN,2562,CGB,2548,,0,E90 E95
AD,13983,GYN,2562,CNF,2537,,0,E90
AD,13983,GYN,2562,GRU,2564,,0,E95
AD,13983,GYN,2562,PMW,4214,,0,E95 E90
AD,13983,GYN,2562,SDU,2612,,0,E90
AD,13983,GYN,2562,VCP,2578,,0,E95 E90
AD,13983,IGU,2554,CWB,2545,,0,E95
AD,13983,IGU,2554,POA,2599,,0,AT7
AD,13983,IGU,2554,VCP,2578,,0,E95 E90
AD,13983,IMP,2572,BEL,2526,,0,E95
AD,13983,IMP,2572,CNF,2537,,0,E95
AD,13983,IOS,2569,GRU,2564,,0,E95
AD,13983,IOS,2569,SSA,2621,,0,AT7 E95
AD,13983,IOS,2569,VCP,2578,,0,E95
AD,13983,IPN,2570,CNF,2537,,0,AT7
AD,13983,IPN,2570,GRU,2564,,0,AT7
AD,13983,IPN,2570,PLU,2528,,0,AT4
AD,13983,IRZ,8258,TFF,2624,,0,AT4
AD,13983,ITB,2568,STM,4092,,0,AT7
AD,13983,IZA,8180,CNF,2537,,0,AT7
AD,13983,IZA,8180,VCP,2578,,0,AT7
AD,13983,JDO,6034,VCP,2578,,0,E90
AD,13983,JOI,2576,POA,2599,,0,AT7
AD,13983,JOI,2576,VCP,2578,,0,E95 AT7
AD,13983,JPA,2575,FOR,2559,,0,AT7
AD,13983,JPA,2575,SSA,2621,,0,AT7
AD,13983,JPA,2575,VCP,2578,,0,E95
AD,13983,JPR,6073,CGB,2548,,0,AT7
AD,13983,JTC,8238,MII,6038,,0,AT7
AD,13983,JTC,8238,VCP,2578,,0,AT7
AD,13983,LDB,2581,CGB,2548,,0,E90
AD,13983,LDB,2581,CWB,2545,,0,AT7 E90
AD,13983,LDB,2581,MGF,2586,,0,AT7
AD,13983,LDB,2581,POA,2599,,0,AT7
AD,13983,LDB,2581,VCP,2578,,0,E90 E95 AT7
AD,13983,LEC,6036,SSA,2621,,0,AT7
AD,13983,MAB,2584,AUX,7376,,0,AT7
AD,13983,MAB,2584,BEL,2526,,0,AT7
AD,13983,MAB,2584,BSB,2531,,0,E95
AD,13983,MAB,2584,CKS,7532,,0,E95
AD,13983,MAB,2584,TUR,2629,,0,AT7
AD,13983,MAO,2551,BAZ,7399,,0,AT4
AD,13983,MAO,2551,BEL,2526,,0,E95
AD,13983,MAO,2551,BVB,2533,,0,AT7
AD,13983,MAO,2551,CIZ,7398,,0,AT4
AD,13983,MAO,2551,CNF,2537,,0,E95
AD,13983,MAO,2551,PIN,7372,,0,AT7
AD,13983,MAO,2551,PVH,2607,,0,E95 AT7
AD,13983,MAO,2551,STM,4092,,0,AT7
AD,13983,MAO,2551,TBT,2628,,0,E95
AD,13983,MAO,2551,TFF,2624,,0,AT4 E95
AD,13983,MAO,2551,VCP,2578,,0,E95
AD,13983,MCP,2591,BEL,2526,,0,AT7
AD,13983,MCZ,2590,AJU,2522,,0,E95 E90 AT7
AD,13983,MCZ,2590,REC,2610,,0,AT7
AD,13983,MCZ,2590,VCP,2578,,0,E95
AD,13983,MEA,6037,SDU,2612,,0,AT4
AD,13983,MEA,6037,VCP,2578,,0,AT4
AD,13983,MGF,2586,CGB,2548,,0,E90
AD,13983,MGF,2586,CWB,2545,,0,E90
AD,13983,MGF,2586,LDB,2581,,0,AT7
AD,13983,MGF,2586,POA,2599,,0,AT7
AD,13983,MGF,2586,VCP,2578,,0,E90 AT7
AD,13983,MII,6038,JTC,8238,,0,AT7
AD,13983,MII,6038,VCP,2578,,0,AT7
AD,13983,MOC,2587,CNF,2537,,0,E95 E90
AD,13983,MOC,2587,PLU,2528,,0,AT7
AD,13983,NAT,2597,CNF,2537,,0,E95
AD,13983,NAT,2597,FEN,2556,,0,AT7
AD,13983,NAT,2597,REC,2610,,0,AT7 E90
AD,13983,NAT,2597,VCP,2578,,0,E95
AD,13983,NVT,2595,GRU,2564,,0,E95
AD,13983,NVT,2595,POA,2599,,0,E95 E90
AD,13983,NVT,2595,VCP,2578,,0,E95 E90
AD,13983,OAL,9771,CGB,2548,,0,E90 AT7
AD,13983,OLC,8256,TFF,2624,,0,AT4
AD,13983,OPS,7367,CGB,2548,,0,E95
AD,13983,PAV,2631,SSA,2621,,0,AT7
AD,13983,PET,2603,POA,2599,,0,AT7
AD,13983,PFB,2602,POA,2599,,0,AT7
AD,13983,PFB,2602,VCP,2578,,0,AT7
AD,13983,PHB,\N,FOR,2559,,0,AT7
AD,13983,PHB,\N,THE,2623,,0,AT7
AD,13983,PIN,7372,MAO,2551,,0,AT7
AD,13983,PLU,2528,AAX,7395,,0,AT4
AD,13983,PLU,2528,CFB,7364,,0,AT7
AD,13983,PLU,2528,GRU,2564,,0,AT7
AD,13983,PLU,2528,GVR,6735,,0,AT7
AD,13983,PLU,2528,IPN,2570,,0,AT4
AD,13983,PLU,2528,MOC,2587,,0,AT7
AD,13983,PLU,2528,POJ,8237,,0,AT4
AD,13983,PLU,2528,SJK,2615,,0,AT7
AD,13983,PLU,2528,UDI,2633,,0,AT7
AD,13983,PLU,2528,VCP,2578,,0,AT7
AD,13983,PLU,2528,VDC,6039,Y,0,AT7
AD,13983,PMW,4214,AUX,7376,,0,AT7
AD,13983,PMW,4214,BSB,2531,,0,AT7
AD,13983,PMW,4214,GYN,2562,,0,E90 E95
AD,13983,PNZ,2604,CNF,2537,,0,E90
AD,13983,POA,2599,CNF,2537,,0,E95
AD,13983,POA,2599,CWB,2545,,0,E95
AD,13983,POA,2599,GRU,2564,,0,E95 E90
AD,13983,POA,2599,IGU,2554,,0,AT7
AD,13983,POA,2599,JOI,2576,,0,AT7
AD,13983,POA,2599,LDB,2581,,0,AT7
AD,13983,POA,2599,MGF,2586,,0,AT7
AD,13983,POA,2599,NVT,2595,,0,E95 E90
AD,13983,POA,2599,PET,2603,,0,AT7
AD,13983,POA,2599,PFB,2602,,0,AT7
AD,13983,POA,2599,RIA,6040,,0,AT7
AD,13983,POA,2599,SDU,2612,,0,E90
AD,13983,POA,2599,VCP,2578,,0,E95 E90
AD,13983,POA,2599,XAP,2539,,0,AT7
AD,13983,POJ,8237,PLU,2528,,0,AT4
AD,13983,PPB,2550,VCP,2578,,0,AT7 E95
AD,13983,PVH,2607,CGB,2548,,0,E90 E95
AD,13983,PVH,2607,MAO,2551,,0,E95 AT7
AD,13983,PVH,2607,RBR,2609,,0,E90 E95
AD,13983,RAO,2613,CNF,2537,,0,AT7
AD,13983,RAO,2613,SJP,2619,,0,E95
AD,13983,RAO,2613,VCP,2578,,0,E90 AT7 E95
AD,13983,RBR,2609,PVH,2607,,0,E90 E95
AD,13983,REC,2610,AJU,2522,,0,AT7
AD,13983,REC,2610,CNF,2537,,0,E90 E95
AD,13983,REC,2610,FEN,2556,,0,E95
AD,13983,REC,2610,FOR,2559,,0,E95
AD,13983,REC,2610,GRU,2564,,0,E95
AD,13983,REC,2610,MCZ,2590,,0,AT7
AD,13983,REC,2610,NAT,2597,,0,AT7 E90
AD,13983,REC,2610,SSA,2621,,0,E95
AD,13983,REC,2610,THE,2623,,0,E95
AD,13983,REC,2610,VCP,2578,,0,E95
AD,13983,RIA,6040,POA,2599,,0,AT7
AD,13983,ROO,7382,CGB,2548,,0,AT7
AD,13983,RVD,7394,VCP,2578,,0,AT4
AD,13983,SDU,2612,BPS,4209,,0,E90
AD,13983,SDU,2612,CAW,2543,,0,AT7
AD,13983,SDU,2612,CGH,2618,,0,E90
AD,13983,SDU,2612,CNF,2537,,0,E90 E95
AD,13983,SDU,2612,CWB,2545,,0,E90
AD,13983,SDU,2612,GRU,2564,,0,E90 E95
AD,13983,SDU,2612,GYN,2562,,0,E90
AD,13983,SDU,2612,MEA,6037,,0,AT4
AD,13983,SDU,2612,POA,2599,,0,E90
AD,13983,SDU,2612,SJK,2615,,0,AT7 E90
AD,13983,SDU,2612,VCP,2578,,0,E95 E90
AD,13983,SDU,2612,VIX,2638,,0,E90 E95
AD,13983,SJK,2615,PLU,2528,,0,AT7
AD,13983,SJK,2615,SDU,2612,,0,E90 AT7
AD,13983,SJL,2630,TFF,2624,,0,AT4
AD,13983,SJP,2619,CGB,2548,,0,AT7
AD,13983,SJP,2619,RAO,2613,,0,E95
AD,13983,SJP,2619,VCP,2578,,0,E95 AT7 E90
AD,13983,SLZ,2616,CNF,2537,,0,E95
AD,13983,SLZ,2616,FOR,2559,,0,E95
AD,13983,SLZ,2616,THE,2623,,0,E95
AD,13983,SSA,2621,AJU,2522,,0,AT7
AD,13983,SSA,2621,BPS,4209,,0,AT7
AD,13983,SSA,2621,BRA,7373,,0,AT7
AD,13983,SSA,2621,CNF,2537,,0,E95
AD,13983,SSA,2621,GRU,2564,,0,E95
AD,13983,SSA,2621,IOS,2569,,0,E95 AT7
AD,13983,SSA,2621,JPA,2575,,0,AT7
AD,13983,SSA,2621,LEC,6036,,0,AT7
AD,13983,SSA,2621,PAV,2631,,0,AT7
AD,13983,SSA,2621,REC,2610,,0,E95
AD,13983,SSA,2621,VCP,2578,,0,E95 E90
AD,13983,SSA,2621,VDC,6039,,0,AT7
AD,13983,SSA,2621,VIX,2638,,0,E95 AT7 E90
AD,13983,STM,4092,ATM,2566,,0,AT7
AD,13983,STM,4092,BEL,2526,,0,AT7
AD,13983,STM,4092,ITB,2568,,0,AT7
AD,13983,STM,4092,MAO,2551,,0,AT7
AD,13983,STM,4092,TMT,2622,,0,AT7
AD,13983,TBT,2628,MAO,2551,,0,E95
AD,13983,TFF,2624,ERN,8247,,0,AT4
AD,13983,TFF,2624,IRZ,8258,,0,AT4
AD,13983,TFF,2624,MAO,2551,,0,E95 AT4
AD,13983,TFF,2624,OLC,8256,,0,AT4
AD,13983,TFF,2624,SJL,2630,,0,AT4
AD,13983,THE,2623,FOR,2559,,0,E95
AD,13983,THE,2623,PHB,\N,,0,AT7
AD,13983,THE,2623,REC,2610,,0,E95
AD,13983,THE,2623,SLZ,2616,,0,E95
AD,13983,THE,2623,VCP,2578,,0,E95
AD,13983,TMT,2622,STM,4092,,0,AT7
AD,13983,TUR,2629,BEL,2526,,0,AT7
AD,13983,UBA,2635,CNF,2537,,0,AT7
AD,13983,UBA,2635,VCP,2578,,0,AT7
AD,13983,UDI,2633,BSB,2531,,0,AT7
AD,13983,UDI,2633,CNF,2537,,0,E95
AD,13983,UDI,2633,PLU,2528,,0,AT7
AD,13983,UDI,2633,VCP,2578,,0,AT7 E90 E95
AD,13983,VCP,2578,AJU,2522,,0,E95
AD,13983,VCP,2578,AQA,2521,,0,AT7
AD,13983,VCP,2578,ARU,2525,,0,AT7
AD,13983,VCP,2578,BPS,4209,,0,E95
AD,13983,VCP,2578,BSB,2531,,0,E95 E90
AD,13983,VCP,2578,BYO,8242,,0,AT7
AD,13983,VCP,2578,CAC,2535,,0,AT7
AD,13983,VCP,2578,CCM,2541,,0,AT7
AD,13983,VCP,2578,CFB,7364,,0,AT7
AD,13983,VCP,2578,CGB,2548,,0,E95 E90
AD,13983,VCP,2578,CGR,2538,,0,E95 E90 E75
AD,13983,VCP,2578,CLV,4215,,0,E90 E95
AD,13983,VCP,2578,CNF,2537,,0,E95 E90
AD,13983,VCP,2578,CWB,2545,,0,E95 E90
AD,13983,VCP,2578,CXJ,2547,,0,E95
AD,13983,VCP,2578,DOU,7380,,0,AT7
AD,13983,VCP,2578,FLN,2555,,0,E95 E90
AD,13983,VCP,2578,FOR,2559,,0,E90 E95
AD,13983,VCP,2578,GIG,2560,,0,E90 E95
AD,13983,VCP,2578,GYN,2562,,0,E95 E90
AD,13983,VCP,2578,IGU,2554,,0,E95 E90
AD,13983,VCP,2578,IOS,2569,,0,E95
AD,13983,VCP,2578,IZA,8180,,0,AT7
AD,13983,VCP,2578,JDO,6034,,0,E90
AD,13983,VCP,2578,JOI,2576,,0,AT7 E95
AD,13983,VCP,2578,JPA,2575,,0,E95
AD,13983,VCP,2578,JTC,8238,,0,AT7
AD,13983,VCP,2578,LDB,2581,,0,E95 AT7 E90
AD,13983,VCP,2578,MAO,2551,,0,E95
AD,13983,VCP,2578,MCZ,2590,,0,E95 E90
AD,13983,VCP,2578,MEA,6037,,0,AT4
AD,13983,VCP,2578,MGF,2586,,0,AT7 E90 E95
AD,13983,VCP,2578,MII,6038,,0,AT7
AD,13983,VCP,2578,NAT,2597,,0,E95
AD,13983,VCP,2578,NVT,2595,,0,E90 E95
AD,13983,VCP,2578,PFB,2602,,0,AT7
AD,13983,VCP,2578,PLU,2528,,0,AT7
AD,13983,VCP,2578,POA,2599,,0,E95 E90
AD,13983,VCP,2578,PPB,2550,,0,AT7 E95
AD,13983,VCP,2578,RAO,2613,,0,AT7 E90 E95
AD,13983,VCP,2578,REC,2610,,0,E95
AD,13983,VCP,2578,RVD,7394,,0,AT4
AD,13983,VCP,2578,SDU,2612,,0,E90 E95
AD,13983,VCP,2578,SJP,2619,,0,AT7 E95
AD,13983,VCP,2578,SSA,2621,,0,E95 E90
AD,13983,VCP,2578,THE,2623,,0,E95
AD,13983,VCP,2578,UBA,2635,,0,AT7
AD,13983,VCP,2578,UDI,2633,,0,E90 AT7 E95
AD,13983,VCP,2578,VIX,2638,,0,E95 E90
AD,13983,VCP,2578,XAP,2539,,0,AT7 E95
AD,13983,VDC,6039,CNF,2537,,0,AT7
AD,13983,VDC,6039,PLU,2528,Y,0,AT7
AD,13983,VDC,6039,SSA,2621,,0,AT7
AD,13983,VIX,2638,CNF,2537,,0,E90 E95
AD,13983,VIX,2638,SDU,2612,,0,E90 E95
AD,13983,VIX,2638,SSA,2621,,0,AT7 E95 E90
AD,13983,VIX,2638,VCP,2578,,0,E95 E90
AD,13983,XAP,2539,POA,2599,,0,AT7
AD,13983,XAP,2539,VCP,2578,,0,AT7 E95
JJ,4867,AEP,2442,GRU,2564,,0,320
JJ,4867,AGT,4305,ASU,2699,Y,0,320
JJ,4867,AGT,4305,GRU,2564,Y,0,320
JJ,4867,AJU,2522,GRU,2564,,0,320
JJ,4867,AJU,2522,REC,2610,,0,320
JJ,4867,AJU,2522,SDU,2612,,0,319
JJ,4867,AJU,2522,SSA,2621,,0,319
JJ,4867,AQP,2802,LIM,2789,Y,0,319
JJ,4867,ASU,2699,AGT,4305,Y,0,320
JJ,4867,ASU,2699,EZE,3988,,0,320
JJ,4867,ASU,2699,GRU,2564,,0,320
JJ,4867,BEL,2526,BSB,2531,,0,320
JJ,4867,BEL,2526,FOR,2559,,0,320
JJ,4867,BEL,2526,GIG,2560,,0,320
JJ,4867,BEL,2526,GRU,2564,,0,320
JJ,4867,BEL,2526,MAB,2584,,0,320
JJ,4867,BEL,2526,MAO,2551,,0,320
JJ,4867,BEL,2526,MCP,2591,,0,320
JJ,4867,BEL,2526,MIA,3576,,0,763
JJ,4867,BEL,2526,SLZ,2616,,0,320
JJ,4867,BEL,2526,STM,4092,,0,320
JJ,4867,BOG,2709,GRU,2564,,0,763
JJ,4867,BPS,4209,CGH,2618,,0,320
JJ,4867,BPS,4209,CNF,2537,,0,320 319
JJ,4867,BPS,4209,GRU,2564,,0,320
JJ,4867,BSB,2531,BEL,2526,,0,320
JJ,4867,BSB,2531,CGB,2548,,0,320 319
JJ,4867,BSB,2531,CGH,2618,,0,320 319
JJ,4867,BSB,2531,CGR,2538,,0,320
JJ,4867,BSB,2531,CNF,2537,,0,320 319
JJ,4867,BSB,2531,CWB,2545,,0,320
JJ,4867,BSB,2531,FLN,2555,,0,320
JJ,4867,BSB,2531,FOR,2559,,0,321 319
JJ,4867,BSB,2531,GIG,2560,,0,320
JJ,4867,BSB,2531,GRU,2564,,0,320 321
JJ,4867,BSB,2531,GYN,2562,,0,320
JJ,4867,BSB,2531,IMP,2572,,0,319 320
JJ,4867,BSB,2531,JPA,2575,,0,320
JJ,4867,BSB,2531,MAB,2584,,0,320
JJ,4867,BSB,2531,MAO,2551,,0,320
JJ,4867,BSB,2531,MCZ,2590,,0,320
JJ,4867,BSB,2531,MIA,3576,,0,757 763
JJ,4867,BSB,2531,NAT,2597,,0,320
JJ,4867,BSB,2531,PMW,4214,,0,319 320
JJ,4867,BSB,2531,POA,2599,,0,320
JJ,4867,BSB,2531,PVH,2607,,0,320
JJ,4867,BSB,2531,RBR,2609,,0,320
JJ,4867,BSB,2531,REC,2610,,0,321 320
JJ,4867,BSB,2531,SDU,2612,,0,319
JJ,4867,BSB,2531,SLZ,2616,,0,320 319
JJ,4867,BSB,2531,SSA,2621,,0,320 319
JJ,4867,BSB,2531,THE,2623,,0,320 319
JJ,4867,BSB,2531,UDI,2633,,0,320
JJ,4867,BSB,2531,VCP,2578,,0,320
JJ,4867,BSB,2531,VIX,2638,,0,320
JJ,4867,BVB,2533,MAO,2551,,0,320
JJ,4867,CCS,2851,GRU,2564,,0,320
JJ,4867,CDG,1382,GRU,2564,,0,773
JJ,4867,CDG,1382,PEK,3364,,0,773
JJ,4867,CGB,2548,BSB,2531,,0,320 319
JJ,4867,CGB,2548,CGH,2618,,0,319
JJ,4867,CGB,2548,GRU,2564,,0,320
JJ,4867,CGH,2618,BPS,4209,,0,320
JJ,4867,CGH,2618,BSB,2531,,0,320 319
JJ,4867,CGH,2618,CGB,2548,,0,320
JJ,4867,CGH,2618,CGR,2538,,0,320
JJ,4867,CGH,2618,CNF,2537,,0,319 320
JJ,4867,CGH,2618,CWB,2545,,0,320 319
JJ,4867,CGH,2618,FLN,2555,,0,319 320
JJ,4867,CGH,2618,GIG,2560,,0,320
JJ,4867,CGH,2618,GYN,2562,,0,320 319
JJ,4867,CGH,2618,IGU,2554,,0,320 319
JJ,4867,CGH,2618,IOS,2569,,0,319
JJ,4867,CGH,2618,JOI,2576,,0,319
JJ,4867,CGH,2618,LDB,2581,,0,319
JJ,4867,CGH,2618,NVT,2595,,0,319
JJ,4867,CGH,2618,POA,2599,,0,320 319
JJ,4867,CGH,2618,RAO,2613,,0,320 319
JJ,4867,CGH,2618,SDU,2612,,0,319
JJ,4867,CGH,2618,SJP,2619,,0,320 319
JJ,4867,CGH,2618,SSA,2621,,0,320 319
JJ,4867,CGH,2618,UDI,2633,,0,319 320
JJ,4867,CGH,2618,VIX,2638,,0,320 319
JJ,4867,CGR,2538,BSB,2531,,0,320
JJ,4867,CGR,2538,CGH,2618,,0,320
JJ,4867,CGR,2538,GRU,2564,,0,320
JJ,4867,CNF,2537,BPS,4209,,0,320 319
JJ,4867,CNF,2537,BSB,2531,,0,320 319
JJ,4867,CNF,2537,CGH,2618,,0,319 320
JJ,4867,CNF,2537,GIG,2560,,0,320
JJ,4867,CNF,2537,GRU,2564,,0,320 321
JJ,4867,CNF,2537,MIA,3576,,0,763
JJ,4867,CNF,2537,SDU,2612,,0,319
JJ,4867,CNF,2537,SSA,2621,,0,320
JJ,4867,CUZ,2812,JUL,2792,Y,0,319
JJ,4867,CWB,2545,BSB,2531,,0,320
JJ,4867,CWB,2545,CGH,2618,,0,320 319
JJ,4867,CWB,2545,GIG,2560,,0,320
JJ,4867,CWB,2545,GRU,2564,,0,320
JJ,4867,CWB,2545,IGU,2554,,0,320
JJ,4867,CWB,2545,LDB,2581,,0,320
JJ,4867,CWB,2545,POA,2599,,0,320
JJ,4867,CWB,2545,SSA,2621,,0,320
JJ,4867,DFW,3670,GIG,2560,,0,763
JJ,4867,DFW,3670,GRU,2564,,0,77W
JJ,4867,EZE,3988,ASU,2699,,0,320
JJ,4867,EZE,3988,GIG,2560,,0,320
JJ,4867,EZE,3988,GRU,2564,,0,330 320
JJ,4867,FLN,2555,BSB,2531,,0,320
JJ,4867,FLN,2555,CGH,2618,,0,320 319
JJ,4867,FLN,2555,GIG,2560,,0,320
JJ,4867,FLN,2555,GRU,2564,,0,320
JJ,4867,FOR,2559,BEL,2526,,0,320
JJ,4867,FOR,2559,BSB,2531,,0,321 319
JJ,4867,FOR,2559,GIG,2560,,0,320 321
JJ,4867,FOR,2559,GRU,2564,,0,321 320
JJ,4867,FOR,2559,MAO,2551,,0,320
JJ,4867,FOR,2559,NAT,2597,,0,321
JJ,4867,FOR,2559,REC,2610,,0,320
JJ,4867,FOR,2559,SLZ,2616,,0,320
JJ,4867,FOR,2559,SSA,2621,,0,320
JJ,4867,FOR,2559,THE,2623,,0,319 320
JJ,4867,FRA,340,GIG,2560,Y,0,744
JJ,4867,FRA,340,GRU,2564,,0,773
JJ,4867,GIG,2560,BEL,2526,,0,320
JJ,4867,GIG,2560,BSB,2531,,0,320
JJ,4867,GIG,2560,CGH,2618,,0,320
JJ,4867,GIG,2560,CNF,2537,,0,320
JJ,4867,GIG,2560,CWB,2545,,0,320
JJ,4867,GIG,2560,DFW,3670,,0,763
JJ,4867,GIG,2560,EZE,3988,,0,320
JJ,4867,GIG,2560,FLN,2555,,0,320
JJ,4867,GIG,2560,FOR,2559,,0,320 321
JJ,4867,GIG,2560,FRA,340,Y,0,744
JJ,4867,GIG,2560,GRU,2564,,0,320 319
JJ,4867,GIG,2560,IGU,2554,,0,320
JJ,4867,GIG,2560,JFK,3797,,0,763
JJ,4867,GIG,2560,JPA,2575,,0,320
JJ,4867,GIG,2560,MAO,2551,,0,320
JJ,4867,GIG,2560,MCZ,2590,,0,320
JJ,4867,GIG,2560,MIA,3576,,0,763
JJ,4867,GIG,2560,NAT,2597,,0,320
JJ,4867,GIG,2560,POA,2599,,0,320
JJ,4867,GIG,2560,REC,2610,,0,320
JJ,4867,GIG,2560,SCL,2650,Y,0,320 319
JJ,4867,GIG,2560,SLZ,2616,,0,320
JJ,4867,GIG,2560,SSA,2621,,0,320 321
JJ,4867,GIG,2560,VCP,2578,,0,320
JJ,4867,GIG,2560,VIX,2638,,0,320
JJ,4867,GRU,2564,AEP,2442,,0,320
JJ,4867,GRU,2564,AGT,4305,Y,0,320
JJ,4867,GRU,2564,AJU,2522,,0,320
JJ,4867,GRU,2564,ASU,2699,,0,320
JJ,4867,GRU,2564,BEL,2526,,0,320
JJ,4867,GRU,2564,BOG,2709,,0,763
JJ,4867,GRU,2564,BPS,4209,,0,320
JJ,4867,GRU,2564,BSB,2531,,0,321 320
JJ,4867,GRU,2564,CCS,2851,,0,320
JJ,4867,GRU,2564,CDG,1382,,0,773
JJ,4867,GRU,2564,CGB,2548,,0,320
JJ,4867,GRU,2564,CGR,2538,,0,320
JJ,4867,GRU,2564,CNF,2537,,0,321 320
JJ,4867,GRU,2564,CWB,2545,,0,320
JJ,4867,GRU,2564,DFW,3670,,0,77W
JJ,4867,GRU,2564,EZE,3988,,0,330 320
JJ,4867,GRU,2564,FLN,2555,,0,320
JJ,4867,GRU,2564,FOR,2559,,0,321 320
JJ,4867,GRU,2564,FRA,340,,0,773
JJ,4867,GRU,2564,GIG,2560,,0,320 319
JJ,4867,GRU,2564,GYN,2562,,0,320
JJ,4867,GRU,2564,IGU,2554,,0,320 319
JJ,4867,GRU,2564,JFK,3797,,0,773 77W 777
JJ,4867,GRU,2564,JNB,813,,0,346 332 343
JJ,4867,GRU,2564,JOI,2576,,0,319
JJ,4867,GRU,2564,JPA,2575,,0,320
JJ,4867,GRU,2564,LDB,2581,,0,320
JJ,4867,GRU,2564,LHR,507,,0,773
JJ,4867,GRU,2564,LIM,2789,,0,320
JJ,4867,GRU,2564,MAD,1229,,0,330
JJ,4867,GRU,2564,MAO,2551,,0,330 321 320
JJ,4867,GRU,2564,MCO,3878,,0,330
JJ,4867,GRU,2564,MCZ,2590,,0,321
JJ,4867,GRU,2564,MEX,1824,,0,330
JJ,4867,GRU,2564,MIA,3576,,0,773 777
JJ,4867,GRU,2564,MUC,346,Y,0,346
JJ,4867,GRU,2564,MVD,2816,,0,320
JJ,4867,GRU,2564,MXP,1524,,0,330
JJ,4867,GRU,2564,NAT,2597,,0,321 320
JJ,4867,GRU,2564,POA,2599,,0,320 321 330
JJ,4867,GRU,2564,RAO,2613,,0,320 319
JJ,4867,GRU,2564,REC,2610,,0,321 320
JJ,4867,GRU,2564,ROS,2440,,0,320
JJ,4867,GRU,2564,SCL,2650,,0,773 320 330
JJ,4867,GRU,2564,SJP,2619,,0,320 319
JJ,4867,GRU,2564,SLZ,2616,,0,320
JJ,4867,GRU,2564,SSA,2621,,0,320 321
JJ,4867,GRU,2564,THE,2623,,0,320
JJ,4867,GRU,2564,VIX,2638,,0,320
JJ,4867,GRU,2564,YYZ,193,Y,0,763
JJ,4867,GYN,2562,BSB,2531,,0,320
JJ,4867,GYN,2562,CGH,2618,,0,320 319
JJ,4867,GYN,2562,GRU,2564,,0,320
JJ,4867,IGU,2554,CGH,2618,,0,320 319
JJ,4867,IGU,2554,CWB,2545,,0,320
JJ,4867,IGU,2554,GIG,2560,,0,320
JJ,4867,IGU,2554,GRU,2564,,0,319 320
JJ,4867,IGU,2554,LIM,2789,Y,0,319
JJ,4867,IMP,2572,BSB,2531,,0,320 319
JJ,4867,IMP,2572,SLZ,2616,,0,319 320
JJ,4867,IOS,2569,CGH,2618,,0,319
JJ,4867,IOS,2569,SDU,2612,,0,319
JJ,4867,JFK,3797,GIG,2560,,0,763
JJ,4867,JFK,3797,GRU,2564,,0,773 77W 777
JJ,4867,JFK,3797,LIM,2789,Y,0,763
JJ,4867,JNB,813,GRU,2564,,0,332 343 346
JJ,4867,JOI,2576,CGH,2618,,0,319
JJ,4867,JOI,2576,GRU,2564,,0,319
JJ,4867,JPA,2575,BSB,2531,,0,320
JJ,4867,JPA,2575,GIG,2560,,0,320
JJ,4867,JPA,2575,GRU,2564,,0,320
JJ,4867,JUL,2792,AQP,2802,Y,0,319
JJ,4867,LAX,3484,LIM,2789,Y,0,763
JJ,4867,LDB,2581,CGH,2618,,0,319
JJ,4867,LDB,2581,CWB,2545,,0,320
JJ,4867,LDB,2581,GRU,2564,,0,320
JJ,4867,LHR,507,GRU,2564,,0,773
JJ,4867,LIM,2789,CUZ,2812,Y,0,319
JJ,4867,LIM,2789,GRU,2564,,0,319 320
JJ,4867,LIM,2789,IGU,2554,Y,0,319
JJ,4867,LIM,2789,JFK,3797,Y,0,763
JJ,4867,LIM,2789,LAX,3484,Y,0,763
JJ,4867,LIM,2789,SCL,2650,Y,0,763
JJ,4867,MAB,2584,BEL,2526,,0,320
JJ,4867,MAB,2584,BSB,2531,,0,320
JJ,4867,MAD,1229,GRU,2564,,0,330
JJ,4867,MAD,1229,PEK,3364,,0,330
JJ,4867,MAO,2551,BEL,2526,,0,320
JJ,4867,MAO,2551,BSB,2531,,0,320
JJ,4867,MAO,2551,BVB,2533,,0,320
JJ,4867,MAO,2551,FOR,2559,,0,320
JJ,4867,MAO,2551,GIG,2560,,0,320
JJ,4867,MAO,2551,GRU,2564,,0,321 320 330
JJ,4867,MAO,2551,MIA,3576,,0,738 763
JJ,4867,MAO,2551,STM,4092,,0,320
JJ,4867,MCO,3878,GRU,2564,,0,330
JJ,4867,MCP,2591,BEL,2526,,0,320
JJ,4867,MCZ,2590,BSB,2531,,0,320
JJ,4867,MCZ,2590,GIG,2560,,0,320
JJ,4867,MCZ,2590,GRU,2564,,0,321
JJ,4867,MEX,1824,GRU,2564,,0,330
JJ,4867,MIA,3576,BEL,2526,,0,763
JJ,4867,MIA,3576,BSB,2531,,0,763 757
JJ,4867,MIA,3576,BWI,3849,,0,777
JJ,4867,MIA,3576,CNF,2537,,0,763
JJ,4867,MIA,3576,GIG,2560,,0,763
JJ,4867,MIA,3576,GRU,2564,,0,773 777
JJ,4867,MIA,3576,MAO,2551,,0,763 738
JJ,4867,MIA,3576,REC,2610,,0,757
JJ,4867,MIA,3576,SSA,2621,,0,757
JJ,4867,MUC,346,GRU,2564,Y,0,346
JJ,4867,MVD,2816,GRU,2564,,0,320
JJ,4867,MXP,1524,GRU,2564,,0,330
JJ,4867,NAT,2597,BSB,2531,,0,320
JJ,4867,NAT,2597,FOR,2559,,0,321
JJ,4867,NAT,2597,GIG,2560,,0,320
JJ,4867,NAT,2597,GRU,2564,,0,320 321
JJ,4867,NVT,2595,CGH,2618,,0,319
JJ,4867,PEK,3364,CDG,1382,,0,773
JJ,4867,PEK,3364,MAD,1229,,0,330
JJ,4867,PET,2603,POA,2599,Y,0,L4T
JJ,4867,PMW,4214,BSB,2531,,0,319 320
JJ,4867,POA,2599,BSB,2531,,0,320
JJ,4867,POA,2599,CGH,2618,,0,319 320
JJ,4867,POA,2599,CWB,2545,,0,320
JJ,4867,POA,2599,GIG,2560,,0,320
JJ,4867,POA,2599,GRU,2564,,0,321 320 330
JJ,4867,PUQ,2647,SCL,2650,Y,0,320
JJ,4867,PVH,2607,BSB,2531,,0,320
JJ,4867,RAO,2613,CGH,2618,,0,319 320
JJ,4867,RAO,2613,GRU,2564,,0,320 319
JJ,4867,RBR,2609,BSB,2531,,0,320
JJ,4867,REC,2610,AJU,2522,,0,320
JJ,4867,REC,2610,BSB,2531,,0,320 321
JJ,4867,REC,2610,FOR,2559,,0,320
JJ,4867,REC,2610,GIG,2560,,0,320
JJ,4867,REC,2610,GRU,2564,,0,321 320
JJ,4867,REC,2610,MIA,3576,,0,757
JJ,4867,REC,2610,SSA,2621,,0,320
JJ,4867,RIG,2611,PET,2603,Y,0,L4T
JJ,4867,ROS,2440,GRU,2564,,0,320
JJ,4867,SCL,2650,GIG,2560,Y,0,320 319
JJ,4867,SCL,2650,GRU,2564,,0,320 773 330
JJ,4867,SCL,2650,IQQ,2649,Y,0,320
JJ,4867,SCL,2650,LIM,2789,Y,0,763
JJ,4867,SDU,2612,AJU,2522,,0,319
JJ,4867,SDU,2612,BSB,2531,,0,319
JJ,4867,SDU,2612,CGH,2618,,0,319
JJ,4867,SDU,2612,CNF,2537,,0,319
JJ,4867,SDU,2612,IOS,2569,,0,319
JJ,4867,SDU,2612,VIX,2638,,0,319
JJ,4867,SJP,2619,CGH,2618,,0,319 320
JJ,4867,SJP,2619,GRU,2564,,0,320 319
JJ,4867,SLZ,2616,BEL,2526,,0,320
JJ,4867,SLZ,2616,BSB,2531,,0,320 319
JJ,4867,SLZ,2616,FOR,2559,,0,320
JJ,4867,SLZ,2616,GIG,2560,,0,320
JJ,4867,SLZ,2616,GRU,2564,,0,320
JJ,4867,SLZ,2616,IMP,2572,,0,320 319
JJ,4867,SSA,2621,AJU,2522,,0,319
JJ,4867,SSA,2621,BSB,2531,,0,320 319
JJ,4867,SSA,2621,CGH,2618,,0,320 319
JJ,4867,SSA,2621,CNF,2537,,0,320
JJ,4867,SSA,2621,CWB,2545,,0,320
JJ,4867,SSA,2621,FOR,2559,,0,320
JJ,4867,SSA,2621,GIG,2560,,0,320 321
JJ,4867,SSA,2621,GRU,2564,,0,321 320
JJ,4867,SSA,2621,MIA,3576,,0,757
JJ,4867,SSA,2621,REC,2610,,0,320
JJ,4867,STM,4092,BEL,2526,,0,320
JJ,4867,STM,4092,MAO,2551,,0,320
JJ,4867,THE,2623,BSB,2531,,0,319 320
JJ,4867,THE,2623,FOR,2559,,0,319 320
JJ,4867,THE,2623,GRU,2564,,0,320
JJ,4867,UDI,2633,BSB,2531,,0,320
JJ,4867,UDI,2633,CGH,2618,,0,319 320
JJ,4867,VCP,2578,BSB,2531,,0,320
JJ,4867,VCP,2578,GIG,2560,,0,320
JJ,4867,VIX,2638,BSB,2531,,0,320
JJ,4867,VIX,2638,CGH,2618,,0,320 319
JJ,4867,VIX,2638,GIG,2560,,0,320
JJ,4867,VIX,2638,GRU,2564,,0,320
JJ,4867,VIX,2638,SDU,2612,,0,319
JJ,4867,YYZ,193,GRU,2564,Y,0,763
LA,3200,ADZ,2749,BOG,2709,Y,0,320
LA,3200,ADZ,2749,CLO,2715,Y,0,320
LA,3200,AEP,2442,BHI,2501,Y,0,320
LA,3200,AEP,2442,BRC,2513,,0,320
LA,3200,AEP,2442,COR,2443,Y,0,320
LA,3200,AEP,2442,CRD,2487,Y,0,320
LA,3200,AEP,2442,IGR,2471,,0,320
LA,3200,AEP,2442,MDZ,2452,,0,320
LA,3200,AEP,2442,NQN,2509,Y,0,320
LA,3200,AEP,2442,RGL,2496,Y,0,320
LA,3200,AEP,2442,SCL,2650,,0,320
LA,3200,AEP,2442,SLA,2476,,0,320
LA,3200,AEP,2442,TUC,2460,,0,320
LA,3200,AEP,2442,UAQ,2461,,0,320
LA,3200,AEP,2442,USH,2497,Y,0,320
LA,3200,AKL,2006,SCL,2650,,0,343
LA,3200,AKL,2006,SYD,3361,,0,343 340
LA,3200,ANF,2651,CJC,2645,,0,320
LA,3200,ANF,2651,IQQ,2649,Y,0,319 320
LA,3200,ANF,2651,LSC,2662,Y,0,320
LA,3200,ANF,2651,SCL,2650,,0,320 319
LA,3200,APO,2726,EOH,2729,Y,0,DH2
LA,3200,AQP,2802,CUZ,2812,Y,0,319
LA,3200,AQP,2802,JUL,2792,Y,0,319
LA,3200,AQP,2802,LIM,2789,,0,319
LA,3200,ARI,2641,IQQ,2649,Y,0,320
LA,3200,ARI,2641,SCL,2650,,0,320
LA,3200,ASU,2699,SCL,2650,Y,0,320
LA,3200,AUA,2895,BOG,2709,Y,0,320
LA,3200,BAQ,2710,BOG,2709,Y,0,320
LA,3200,BBA,2642,PMC,2665,,0,320
LA,3200,BBA,2642,SCL,2650,Y,0,320
LA,3200,BGA,2708,BOG,2709,Y,0,320
LA,3200,BHI,2501,AEP,2442,Y,0,320
LA,3200,BOG,2709,ADZ,2749,Y,0,320
LA,3200,BOG,2709,AUA,2895,Y,0,320
LA,3200,BOG,2709,BAQ,2710,Y,0,320
LA,3200,BOG,2709,BGA,2708,Y,0,320
LA,3200,BOG,2709,CLO,2715,Y,0,320
LA,3200,BOG,2709,CTG,2714,Y,0,320
LA,3200,BOG,2709,CUC,2713,Y,0,320
LA,3200,BOG,2709,DFW,3670,Y,0,319
LA,3200,BOG,2709,EYP,6055,Y,0,320
LA,3200,BOG,2709,GRU,2564,Y,0,763
LA,3200,BOG,2709,IBE,2724,Y,0,DH2
LA,3200,BOG,2709,LET,2728,Y,0,320
LA,3200,BOG,2709,LIM,2789,Y,0,319 763
LA,3200,BOG,2709,MDE,2745,Y,0,320
LA,3200,BOG,2709,MIA,3576,Y,0,757 763
LA,3200,BOG,2709,MTR,2731,Y,0,320
LA,3200,BOG,2709,NVA,2734,Y,0,DH2
LA,3200,BOG,2709,PEI,2739,Y,0,320
LA,3200,BOG,2709,PUU,2706,Y,0,DH2
LA,3200,BOG,2709,SCL,2650,Y,0,763
LA,3200,BOG,2709,SMR,2748,Y,0,320
LA,3200,BOG,2709,UIB,2753,Y,0,DH2
LA,3200,BOG,2709,VUP,2755,Y,0,320
LA,3200,BOG,2709,VVC,2756,Y,0,DH2
LA,3200,BRC,2513,AEP,2442,,0,320
LA,3200,CCP,2656,SCL,2650,,0,320 319
LA,3200,CCS,2851,GYE,2673,,0,763
LA,3200,CCS,2851,LIM,2789,Y,0,319
LA,3200,CCS,2851,MIA,3576,,0,763
LA,3200,CCS,2851,SCL,2650,,0,763
LA,3200,CIX,2785,LIM,2789,Y,0,320 319
LA,3200,CJA,6066,LIM,2789,Y,0,319
LA,3200,CJC,2645,LSC,2662,Y,0,320
LA,3200,CJC,2645,SCL,2650,,0,320
LA,3200,CLO,2715,ADZ,2749,Y,0,320
LA,3200,CLO,2715,BOG,2709,Y,0,320
LA,3200,CLO,2715,MIA,3576,Y,0,738
LA,3200,CLO,2715,UIO,2688,Y,0,320
LA,3200,COR,2443,AEP,2442,Y,0,320
LA,3200,COR,2443,LIM,2789,Y,0,320
LA,3200,COR,2443,SCL,2650,,0,320
LA,3200,CPO,4312,SCL,2650,,0,319 320
LA,3200,CRD,2487,AEP,2442,Y,0,320
LA,3200,CTG,2714,BOG,2709,Y,0,320
LA,3200,CUC,2713,BOG,2709,Y,0,320
LA,3200,CUN,1852,LIM,2789,Y,0,320
LA,3200,CUN,1852,MEX,1824,Y,0,737
LA,3200,CUN,1852,MIA,3576,,0,763
LA,3200,CUN,1852,SCL,2650,,0,763
LA,3200,CUZ,2812,AQP,2802,Y,0,319
LA,3200,CUZ,2812,JUL,2792,,0,319
LA,3200,CUZ,2812,LIM,2789,,0,320 319
LA,3200,CUZ,2812,PEM,2808,Y,0,319
LA,3200,DFW,3670,BOG,2709,Y,0,319
LA,3200,DFW,3670,LIM,2789,Y,0,763
LA,3200,DFW,3670,SCL,2650,Y,0,763
LA,3200,EOH,2729,APO,2726,Y,0,DH2
LA,3200,EOH,2729,IBE,2724,Y,0,DH2
LA,3200,EOH,2729,MTR,2731,Y,0,DH2
LA,3200,EOH,2729,PEI,2739,Y,0,DH2
LA,3200,EYP,6055,BOG,2709,Y,0,320
LA,3200,EZE,3988,GIG,2560,Y,0,320
LA,3200,EZE,3988,GRU,2564,Y,0,320 330
LA,3200,EZE,3988,GYE,2673,Y,0,319
LA,3200,EZE,3988,LIM,2789,,0,763
LA,3200,EZE,3988,SCL,2650,,0,320 763 787 319
LA,3200,FRA,340,MAD,1229,,0,787
LA,3200,GIG,2560,EZE,3988,Y,0,320
LA,3200,GIG,2560,SCL,2650,,0,320 319
LA,3200,GRU,2564,BOG,2709,Y,0,763
LA,3200,GRU,2564,EZE,3988,Y,0,330 320
LA,3200,GRU,2564,LIM,2789,Y,0,320 763
LA,3200,GRU,2564,MAD,1229,Y,0,330
LA,3200,GRU,2564,MVD,2816,Y,0,320
LA,3200,GRU,2564,SCL,2650,,0,319 763 320
LA,3200,GYE,2673,CCS,2851,,0,763
LA,3200,GYE,2673,EZE,3988,Y,0,319
LA,3200,GYE,2673,LIM,2789,,0,763
LA,3200,GYE,2673,MAD,1229,Y,0,763 343 346
LA,3200,GYE,2673,SCL,2650,,0,319 763
LA,3200,HAV,1909,LIM,2789,Y,0,319
LA,3200,IBE,2724,BOG,2709,Y,0,DH2
LA,3200,IBE,2724,EOH,2729,Y,0,DH2
LA,3200,IGR,2471,AEP,2442,,0,320
LA,3200,IGU,2554,LIM,2789,,0,319
LA,3200,IPC,2657,PPT,4075,,0,763
LA,3200,IPC,2657,SCL,2650,,0,763
LA,3200,IQQ,2649,ANF,2651,,0,320
LA,3200,IQQ,2649,ARI,2641,,0,320
LA,3200,IQQ,2649,LPB,2762,,0,320
LA,3200,IQQ,2649,SCL,2650,,0,320 319
LA,3200,IQQ,2649,VVI,2771,,0,320
LA,3200,IQT,2801,LIM,2789,Y,0,320 319
LA,3200,IQT,2801,TPP,2806,Y,0,319
LA,3200,JFK,3797,LIM,2789,,0,763
LA,3200,JFK,3797,SCL,2650,,0,787
LA,3200,JUL,2792,AQP,2802,,0,319
LA,3200,JUL,2792,CUZ,2812,Y,0,319
LA,3200,JUL,2792,LIM,2789,Y,0,319
LA,3200,LAX,3484,LIM,2789,,0,763
LA,3200,LET,2728,BOG,2709,Y,0,320
LA,3200,LIM,2789,AQP,2802,Y,0,319 320
LA,3200,LIM,2789,BOG,2709,Y,0,319 763
LA,3200,LIM,2789,CCS,2851,Y,0,319
LA,3200,LIM,2789,CIX,2785,Y,0,320 319
LA,3200,LIM,2789,CJA,6066,Y,0,319
LA,3200,LIM,2789,COR,2443,Y,0,320
LA,3200,LIM,2789,CUN,1852,Y,0,320
LA,3200,LIM,2789,CUZ,2812,,0,319
LA,3200,LIM,2789,DFW,3670,Y,0,763
LA,3200,LIM,2789,EZE,3988,,0,763
LA,3200,LIM,2789,GRU,2564,Y,0,319 763 320
LA,3200,LIM,2789,GYE,2673,,0,763
LA,3200,LIM,2789,HAV,1909,Y,0,319
LA,3200,LIM,2789,IGU,2554,,0,319
LA,3200,LIM,2789,IQT,2801,,0,319
LA,3200,LIM,2789,JFK,3797,,0,763
LA,3200,LIM,2789,JUL,2792,Y,0,319
LA,3200,LIM,2789,LAX,3484,,0,763
LA,3200,LIM,2789,LPB,2762,Y,0,319
LA,3200,LIM,2789,MAD,1229,Y,0,763 346 343
LA,3200,LIM,2789,MEX,1824,Y,0,738 763
LA,3200,LIM,2789,MIA,3576,,0,320
LA,3200,LIM,2789,PCL,2781,Y,0,319 320
LA,3200,LIM,2789,PEM,2808,Y,0,319
LA,3200,LIM,2789,PIU,2809,Y,0,319
LA,3200,LIM,2789,PUJ,1760,Y,0,320
LA,3200,LIM,2789,SCL,2650,,0,763 320 319
LA,3200,LIM,2789,TBP,2796,,0,320
LA,3200,LIM,2789,TCQ,2807,Y,0,319 320
LA,3200,LIM,2789,TPP,2806,Y,0,320 319
LA,3200,LIM,2789,TRU,2804,Y,0,320 319
LA,3200,LIM,2789,UIO,2688,,0,320
LA,3200,LIM,2789,VVI,2771,,0,319
LA,3200,LPB,2762,IQQ,2649,,0,320
LA,3200,LPB,2762,LIM,2789,,0,319
LA,3200,LPB,2762,VVI,2771,Y,0,319
LA,3200,LSC,2662,ANF,2651,Y,0,320
LA,3200,LSC,2662,CJC,2645,Y,0,320
LA,3200,LSC,2662,SCL,2650,Y,0,320 319
LA,3200,MAD,1229,FRA,340,,0,787
LA,3200,MAD,1229,GRU,2564,Y,0,330
LA,3200,MAD,1229,GYE,2673,,0,320
LA,3200,MAD,1229,LIM,2789,Y,0,763 346 343
LA,3200,MAD,1229,SCL,2650,,0,787
LA,3200,MAD,1229,UIO,2688,Y,0,346 343
LA,3200,MDE,2745,BOG,2709,Y,0,320
LA,3200,MDE,2745,MIA,3576,Y,0,738
LA,3200,MDE,2745,UIO,2688,Y,0,320
LA,3200,MDZ,2452,AEP,2442,,0,320
LA,3200,MDZ,2452,SCL,2650,,0,320 319
LA,3200,MEX,1824,LIM,2789,,0,763
LA,3200,MEX,1824,MTY,1825,Y,0,737
LA,3200,MEX,1824,SCL,2650,,0,763
LA,3200,MHC,9774,PMC,2665,,0,320
LA,3200,MIA,3576,BOG,2709,Y,0,763 757
LA,3200,MIA,3576,CCS,2851,,0,763
LA,3200,MIA,3576,CLO,2715,Y,0,738
LA,3200,MIA,3576,CUN,1852,,0,763
LA,3200,MIA,3576,LIM,2789,Y,0,763 757
LA,3200,MIA,3576,MDE,2745,Y,0,738
LA,3200,MIA,3576,PUJ,1760,,0,763
LA,3200,MIA,3576,SCL,2650,,0,763
LA,3200,MPN,579,PUQ,2647,,0,320
LA,3200,MTR,2731,BOG,2709,Y,0,320
LA,3200,MTR,2731,EOH,2729,Y,0,DH2
LA,3200,MVD,2816,GRU,2564,Y,0,320
LA,3200,MVD,2816,SCL,2650,,0,320 763
LA,3200,NQN,2509,AEP,2442,Y,0,320
LA,3200,NVA,2734,BOG,2709,Y,0,DH2
LA,3200,PCL,2781,LIM,2789,Y,0,319 320
LA,3200,PEI,2739,BOG,2709,Y,0,320
LA,3200,PEI,2739,EOH,2729,Y,0,DH2
LA,3200,PEM,2808,CUZ,2812,Y,0,319
LA,3200,PEM,2808,LIM,2789,Y,0,319
LA,3200,PIU,2809,LIM,2789,Y,0,319
LA,3200,PMC,2665,BBA,2642,,0,320
LA,3200,PMC,2665,MHC,9774,,0,320
LA,3200,PMC,2665,PUQ,2647,,0,320
LA,3200,PMC,2665,SCL,2650,,0,320
LA,3200,PPT,4075,IPC,2657,,0,763
LA,3200,PUJ,1760,LIM,2789,Y,0,320
LA,3200,PUJ,1760,MIA,3576,,0,763
LA,3200,PUJ,1760,SCL,2650,,0,763
LA,3200,PUQ,2647,PMC,2665,,0,320
LA,3200,PUQ,2647,RGL,2496,,0,320
LA,3200,PUQ,2647,SCL,2650,,0,320
LA,3200,PUU,2706,BOG,2709,Y,0,DH2
LA,3200,RGL,2496,AEP,2442,Y,0,320
LA,3200,RGL,2496,MPN,579,,0,320
LA,3200,SCL,2650,AEP,2442,,0,320
LA,3200,SCL,2650,AKL,2006,,0,340 343
LA,3200,SCL,2650,ANF,2651,,0,320 319
LA,3200,SCL,2650,ARI,2641,,0,320
LA,3200,SCL,2650,ASU,2699,Y,0,320
LA,3200,SCL,2650,BBA,2642,Y,0,320
LA,3200,SCL,2650,BOG,2709,Y,0,763
LA,3200,SCL,2650,CCP,2656,,0,320 319
LA,3200,SCL,2650,CCS,2851,,0,763
LA,3200,SCL,2650,CJC,2645,,0,320
LA,3200,SCL,2650,COR,2443,,0,320
LA,3200,SCL,2650,CPO,4312,,0,319 320
LA,3200,SCL,2650,CUN,1852,,0,763
LA,3200,SCL,2650,DFW,3670,Y,0,763
LA,3200,SCL,2650,EZE,3988,,0,320 763 787 319
LA,3200,SCL,2650,GIG,2560,,0,320 319
LA,3200,SCL,2650,GRU,2564,,0,763 320 319
LA,3200,SCL,2650,GYE,2673,,0,763
LA,3200,SCL,2650,IPC,2657,,0,763
LA,3200,SCL,2650,IQQ,2649,,0,320
LA,3200,SCL,2650,JFK,3797,,0,787
LA,3200,SCL,2650,LIM,2789,,0,763 320 319
LA,3200,SCL,2650,LSC,2662,Y,0,320 319
LA,3200,SCL,2650,MAD,1229,,0,787
LA,3200,SCL,2650,MDZ,2452,,0,320 319
LA,3200,SCL,2650,MEX,1824,,0,763
LA,3200,SCL,2650,MIA,3576,,0,763
LA,3200,SCL,2650,MVD,2816,,0,320 763
LA,3200,SCL,2650,PMC,2665,,0,320
LA,3200,SCL,2650,PUJ,1760,,0,763
LA,3200,SCL,2650,PUQ,2647,,0,320
LA,3200,SCL,2650,SYD,3361,Y,0,744
LA,3200,SCL,2650,UIO,2688,,0,319
LA,3200,SCL,2650,ZCO,2664,,0,319
LA,3200,SCL,2650,ZOS,2658,,0,319
LA,3200,SLA,2476,AEP,2442,Y,0,320
LA,3200,SMR,2748,BOG,2709,Y,0,320
LA,3200,SYD,3361,AKL,2006,,0,343
LA,3200,SYD,3361,SCL,2650,Y,0,744
LA,3200,TBP,2796,LIM,2789,,0,320
LA,3200,TCQ,2807,LIM,2789,Y,0,319 320
LA,3200,TPP,2806,IQT,2801,Y,0,319
LA,3200,TPP,2806,LIM,2789,Y,0,320 319
LA,3200,TRU,2804,LIM,2789,Y,0,320 319
LA,3200,TUC,2460,AEP,2442,Y,0,320
LA,3200,UAQ,2461,MDZ,2452,,0,320
LA,3200,UIB,2753,BOG,2709,Y,0,DH2
LA,3200,UIO,2688,CLO,2715,Y,0,320
LA,3200,UIO,2688,GYE,2673,,0,319
LA,3200,UIO,2688,LIM,2789,,0,320
LA,3200,UIO,2688,MAD,1229,Y,0,346
LA,3200,UIO,2688,MDE,2745,Y,0,320
LA,3200,USH,2497,AEP,2442,Y,0,320
LA,3200,VUP,2755,BOG,2709,Y,0,320
LA,3200,VVC,2756,BOG,2709,Y,0,DH2
LA,3200,VVI,2771,IQQ,2649,,0,320
LA,3200,VVI,2771,LIM,2789,Y,0,319
LA,3200,VVI,2771,LPB,2762,,0,319
LA,3200,ZAL,2667,SCL,2650,,0,319
LA,3200,ZCO,2664,SCL,2650,,0,319
LA,3200,ZOS,2658,ZAL,2667,,0,319
2Z,1729,AUX,7376,PMW,4214,,0,AT7
2Z,1729,BRA,7373,BSB,2531,,0,AT7
2Z,1729,BRA,7373,SSA,2621,,0,AT7
2Z,1729,BSB,2531,BRA,7373,,0,AT7
2Z,1729,BSB,2531,OPS,7367,,0,AT7
2Z,1729,BSB,2531,RAO,2613,,0,AT7
2Z,1729,CAC,2535,GRU,2564,,0,AT7
2Z,1729,CGB,2548,GYN,2562,,0,AT7
2Z,1729,CGB,2548,OPS,7367,,0,AT7
2Z,1729,CGR,2538,DOU,7380,,0,AT7
2Z,1729,DOU,7380,CGR,2538,,0,AT7
2Z,1729,DOU,7380,GRU,2564,,0,AT7
2Z,1729,GIG,2560,RAO,2613,,0,AT7
2Z,1729,GRU,2564,CAC,2535,,0,AT7
2Z,1729,GRU,2564,DOU,7380,,0,AT7
2Z,1729,GRU,2564,RAO,2613,,0,AT7
2Z,1729,GRU,2564,UBA,2635,,0,AT7
2Z,1729,GRU,2564,UDI,2633,,0,AT7
2Z,1729,GRU,2564,VDC,6039,,0,AT7
2Z,1729,GYN,2562,CGB,2548,,0,AT7
2Z,1729,GYN,2562,PMW,4214,,0,AT7
2Z,1729,GYN,2562,RAO,2613,,0,AT7
2Z,1729,GYN,2562,UDI,2633,,0,AT7
2Z,1729,OPS,7367,BSB,2531,,0,AT7
2Z,1729,OPS,7367,CGB,2548,,0,AT7
2Z,1729,PLU,2528,RAO,2613,,0,AT7
2Z,1729,PMW,4214,AUX,7376,,0,AT7
2Z,1729,PMW,4214,GYN,2562,,0,AT7
2Z,1729,RAO,2613,BSB,2531,,0,AT7
2Z,1729,RAO,2613,GIG,2560,,0,AT7
2Z,1729,RAO,2613,GRU,2564,,0,AT7
2Z,1729,RAO,2613,GYN,2562,,0,AT7
2Z,1729,RAO,2613,PLU,2528,,0,AT7
2Z,1729,RAO,2613,SJP,2619,,0,AT7
2Z,1729,RAO,2613,UDI,2633,,0,AT7
2Z,1729,SJP,2619,RAO,2613,,0,AT7
2Z,1729,SSA,2621,BRA,7373,,0,AT7
2Z,1729,SSA,2621,VDC,6039,,0,AT7
2Z,1729,UBA,2635,GRU,2564,,0,AT7
2Z,1729,UBA,2635,UDI,2633,,0,AT7
2Z,1729,UDI,2633,GRU,2564,,0,AT7
2Z,1729,UDI,2633,GYN,2562,,0,AT7
2Z,1729,UDI,2633,RAO,2613,,0,AT7
2Z,1729,UDI,2633,UBA,2635,,0,AT7
2Z,1729,VDC,6039,GRU,2564,,0,AT7
2Z,1729,VDC,6039,SSA,2621,,0,AT7
7M,16615,CUN,1852,CZM,1800,,0,D28 CNA
7M,16615,CUN,1852,MID,1819,,0,D28
7M,16615,CZM,1800,CUN,1852,,0,CNA D28
7M,16615,MID,1819,CUN,1852,,0,D28
7M,16615,MID,1819,VSA,1853,,0,D28
7M,16615,VER,1854,VSA,1853,,0,D28
7M,16615,VSA,1853,MID,1819,,0,D28
7M,16615,VSA,1853,VER,1854,,0,D28